{"version": "1.6","name": "ItemName","subline": "Subline","username": "YourName","created": "03/10/2011","website": "","update": "08/31/2012","update_today": true,"email": "some@example.com","intro": "Thank you for purchasing my theme. If you have any questions that are beyond the scope of this help file, please feel free to email via my user page contact form here. Thanks so much!","sections": [{"title": "HTML Structure","id": "html_structure","content": "<p>\tThis theme is a fixed layout with two columns. All of the information within the main content area is nested within a div with an id of &quot;primaryContent&quot;. The sidebar&#39;s (column #2) content is within a div with an id of &quot;secondaryContent&quot;. The general template structure is the same throughout the template. Here is the general structure.</p>\n<p>\t<img alt=\"HTML Structure\" src=\"http://i.imgur.com/KYBly.png\"></p>\n<p>\tIf you would like to edit the color, font, or style of any elements in one of these columns, you would do the following:</p>\n<pre class=\"css\">\n#primaryContent a {color: #someColor;} </pre>\n<p>\tIf you find that your new style is not overriding, it is most likely because of a specificity problem. Scroll down in your CSS file and make sure that there isn&#39;t a similar style that has more weight.</p>\n<p>\tI.E.</p>\n<pre class=\"css\">\n#wrap #primaryContent a {color: #someColor;}</pre>\n<p>\tSo, to ensure that your new styles are applied, make sure that they carry enough &quot;weight&quot; and that there isn&#39;t a style lower in the CSS file that is being applied after yours.</p>\n"},{"title": "CSS Files and Structure","id": "css_files_and_structure","content": "<p>I&#39;m using two CSS files in this theme. The first one is a generic reset file. Many browser interpret the default behavior of html elements differently. By using a general reset CSS file, we can work round this. This file also contains some general styling, such as anchor tag colors, font-sizes, etc. Keep in mind, that these values might be overridden somewhere else in the file.</p>\n<p>The second file contains all of the specific stylings for the page. The file is separated into sections using:</p>\n<pre class=\"css\">\n/* === Header Section === */\nsome code\n/* === Main Section === */\nsome code\n/* === Sidebar Section === */\nsome code\n/* === Footer === */\nsome codeetc, etc.\n</pre>\n<p>If you would like to edit a specific section of the site, simply find the appropriate label in the CSS file, and then scroll down until you find the appropriate style that needs to be edited.</p>\n<p>Any images that are placed within the blog section have 5px worth of padding and a light bluish background. If you would like to edit the display of these images, find the following section in the style sheet:</p>\n<pre class=\"css\">\n#primaryContent #blog img {\n   change styles here:\n}\n</pre>\n<p>&nbsp;</p>\n"},{"title": "JavaScript","id": "javascript","content": "<p>This theme imports three Javascript files.</p>\n<ol>\n<li>jQuery</li>\n<li>My custom scripts</li>\n<li>Some plugin</li>\n</ol>\n<ol>\n<li>jQuery is a Javascript library that greatly reduces the amount of code that you must write.</li>\n<li>Most of the animation in this site is carried out from the customs scripts. There are a few functions worth looking over.\n<pre class=\"js\">\n[some Javascript goes here...along with an general explanation]\n[some Javascript goes here...along with an general explanation]\n[some Javascript goes here...along with an general explanation]\n</pre>\n</li>\n<li>In addition to the custom scripts, I implement a few &quot;tried and true&quot; plugins to create the effects. This plugin is packed, so you won&#39;t need to manually edit anything in the file. The only necessary thing to know is how to call the method. For example:\n<pre class=\"js\">\n[some Javascript goes here...along with an general explanation]\n</pre>\n</li>\n</ol>\n<p>&nbsp;</p>\n"},{"title": "PSD Files","id": "psd_files","content": "<p>I&#39;ve included three psds with this theme:</p>\n<ol>\n<li>The main layout</li>\n<li>The header</li>\n<li>The buttons</li>\n</ol>\n<p>If you&#39;d like to change the main image in the header, open &quot;header.psd&quot;, make the necessary adjustments, and then save the file as &quot;headerBG.png&quot;. Do the same for the buttons.</p>\n<p>Include any more specific information about your psds.</p>\n"},{"title": "Sources and Credits","id": "sources_and_credits","content": "<p>I&#39;ve used the following images, icons or other files as listed.</p>\n<ul><li>File name from file author</li>\n<li>File name from file author</li>\n<li>File name from file author</li>\n<li>File name from file author</li>\n</ul>\n<hr />\n<p>Once again, thank you so much for purchasing this theme. As I said at the beginning, I&#39;d be glad to help you if you have any questions relating to this theme. No guarantees, but I&#39;ll do my best to assist. If you have a more general question relating to the themes on ThemeForest, you might consider visiting the forums and asking your question in the &quot;Item Discussion&quot; section.</p>\n<p><strong>Your Name</strong></p>\n"}],"use_sub": false,"logo": "http://revaxarts-themes.com/_img/envato.png","favicon": "http://envato.com/wp-content/themes/envato/images/favicon.ico","customcss": "","easing": "swing","easingduration": "500","bgimage": "","bgrepeat": "repeat","bgattachment": "scroll","bgcolor": "EFEFEF","textcolor": "1C140D","linkcolor": "889C48","hrcolor1": "CCCCCC","hrcolor2": "FFFFFF","sidebarbgimage": "","sidebarbgrepeat": "repeat","sidebarbgcolor": "F2E9E1","sidebartextcolor": "1C140D","sidebarlinkcolor": "1C140D","sidebaractivecolor": "859F1A","sidebaractivetextcolor": "FFFAE4","sidebarhrcolor1": "D1C9C2","sidebarhrcolor2": "FFF6ED","cufon": "","itemURL": "","sendJSON": "","sendZIP": "http://iamdesigning.com/gokul","sendPWD": ""}